<?xml version="1.0" encoding="UTF-8" standalone="yes"?>
<item>
    <title>[COLOR=red]•[B]dr who[/B][/COLOR]</title>
	<urlsolve>https://streamango.com/f/bakakoasecsdnops/doctor-who-2005_8x6_castellano_360p_SeriesGato_com_mp4</urlsolve>
	<thumbnail>http://s3-eu-west-1.amazonaws.com/cinemania-cdn/wp-content/uploads/2016/11/24135014/v6kwksp-who-is-the-best-doctor-who-top-13-regenerations-here-jpeg-175946-659x374.jpg</thumbnail>
     <fanart>http://img.fenixzone.net/i/dzlWUBP.jpeg</fanart>
	 </item>
<item>
<title>[COLOR=red]•[B]dr who 8-10[/B][/COLOR]</title>
	<urlsolve>https://openload.co/f/5AIbeJ0O0jA/aa4f1a904604b764dbbecd0fe299e655</urlsolve>
	<thumbnail>http://s3-eu-west-1.amazonaws.com/cinemania-cdn/wp-content/uploads/2016/11/24135014/v6kwksp-who-is-the-best-doctor-who-top-13-regenerations-here-jpeg-175946-659x374.jpg</thumbnail>
     <fanart>http://img.fenixzone.net/i/dzlWUBP.jpeg</fanart>
	 </item>
<item>
<title>[COLOR=red]•[B]dr who 8-11[/B][/COLOR]</title>
    <urlsolve>https://openload.co/f/u9bfY2V53-4/acb584eb7b59115f16d2656e7d9211f9</urlsolve>
    <thumbnail>http://s3-eu-west-1.amazonaws.com/cinemania-cdn/wp-content/uploads/2016/11/24135014/v6kwksp-who-is-the-best-doctor-who-top-13-regenerations-here-jpeg-175946-659x374.jpg</thumbnail>
     <fanart>http://img.fenixzone.net/i/dzlWUBP.jpeg</fanart>
     </item>
	 
	 <item>
	 <title>[COLOR=blue]•[B]dr who 8-12[/B][/COLOR]</title>
	<urlsolve>https://streamango.com/f/rpdmtfrfdmbrtsfk/doctor-who-_2005_s8e12_es_480p_SeriesGato_com_mp4</urlsolve>
	<thumbnail>http://s3-eu-west-1.amazonaws.com/cinemania-cdn/wp-content/uploads/2016/11/24135014/v6kwksp-who-is-the-best-doctor-who-top-13-regenerations-here-jpeg-175946-659x374.jpg</thumbnail>
     <fanart>http://img.fenixzone.net/i/dzlWUBP.jpeg</fanart>
	 </item>